{
  "project_info": {
    "project_number": "924930423054",
    "project_id": "quizcraft-47d3f",
    "storage_bucket": "quizcraft-47d3f.firebasestorage.app"
  },
  "client": [
    {
      "client_info": {
        "mobilesdk_app_id": "1:924930423054:android:ecd6393e7797a36beb7f5f",
        "android_client_info": {
          "package_name": "com.example.quizcraft"
        }
      },
      "oauth_client": [],
      "api_key": [
        {
          "current_key": "AIzaSyDECb-mJX3PQE2_iqLBnS0XUOlk1K4Tg0I"
        }
      ],
      "services": {
        "appinvite_service": {
          "other_platform_oauth_client": []
        }
      }
    }
  ],
  "configuration_version": "1"
}